Workbook

Sheet Dashboard
A1: KPI Dashboard — Coding & CDI Department
A2: Pick the month at the top-right — the current-value column pulls from the Monthly Data tab and the status light auto-computes vs. targets.
G4: Report month: | H4: 2026-07
A6: # | B6: KPI | C6: Baseline | D6: Q1 target | E6: Q4 target | F6: Current | G6: Status | H6: Notes
A7: 1 | B7: Providers on audit rotation | C7: 3 | D7: 3 | E7: 5 | F7: =IFERROR(INDEX('Monthly Data'!C:C,MATCH($H$4,'Monthly Data'!$A:$A,0)),"") | G7: =IF(F7="","—",IF(F7*1>=VALUE(SUBSTITUTE(E7,"%",""))*IF(RIGHT(E7,1)="%",0.01,1),"✓ On target",IF(F7*1>=VALUE(SUBSTITUTE(D7,"%",""))*IF(RIGHT(D7,1)="%",0.01,1),"○ Q1 pace","✗ Behind")))
A8: 2 | B8: Charts audited per month | C8: 30 | D8: 30 | E8: 50 | F8: =IFERROR(INDEX('Monthly Data'!D:D,MATCH($H$4,'Monthly Data'!$A:$A,0)),"") | G8: =IF(F8="","—",IF(F8*1>=VALUE(SUBSTITUTE(E8,"%",""))*IF(RIGHT(E8,1)="%",0.01,1),"✓ On target",IF(F8*1>=VALUE(SUBSTITUTE(D8,"%",""))*IF(RIGHT(D8,1)="%",0.01,1),"○ Q1 pace","✗ Behind")))
A9: 3 | B9: Audit completion rate | C9: 0% | D9: 80% | E9: 100% | F9: =IFERROR(INDEX('Monthly Data'!E:E,MATCH($H$4,'Monthly Data'!$A:$A,0)),"") | G9: =IF(F9="","—",IF(F9*1>=VALUE(SUBSTITUTE(E9,"%",""))*IF(RIGHT(E9,1)="%",0.01,1),"✓ On target",IF(F9*1>=VALUE(SUBSTITUTE(D9,"%",""))*IF(RIGHT(D9,1)="%",0.01,1),"○ Q1 pace","✗ Behind")))
A10: 4 | B10: Avg provider compliance % | C10: 0% | D10: 85% | E10: 90% | F10: =IFERROR(INDEX('Monthly Data'!F:F,MATCH($H$4,'Monthly Data'!$A:$A,0)),"") | G10: =IF(F10="","—",IF(F10*1>=VALUE(SUBSTITUTE(E10,"%",""))*IF(RIGHT(E10,1)="%",0.01,1),"✓ On target",IF(F10*1>=VALUE(SUBSTITUTE(D10,"%",""))*IF(RIGHT(D10,1)="%",0.01,1),"○ Q1 pace","✗ Behind")))
A11: 5 | B11: Providers scoring Meets+ (≥90%) | C11: 0 | D11: 1 | E11: 4 | F11: =IFERROR(INDEX('Monthly Data'!G:G,MATCH($H$4,'Monthly Data'!$A:$A,0)),"") | G11: =IF(F11="","—",IF(F11*1>=VALUE(SUBSTITUTE(E11,"%",""))*IF(RIGHT(E11,1)="%",0.01,1),"✓ On target",IF(F11*1>=VALUE(SUBSTITUTE(D11,"%",""))*IF(RIGHT(D11,1)="%",0.01,1),"○ Q1 pace","✗ Behind")))
A12: 6 | B12: Prior-year HCCs recaptured | C12: 0 | D12: 10 | E12: 50 | F12: =IFERROR(INDEX('Monthly Data'!H:H,MATCH($H$4,'Monthly Data'!$A:$A,0)),"") | G12: =IF(F12="","—",IF(F12*1>=VALUE(SUBSTITUTE(E12,"%",""))*IF(RIGHT(E12,1)="%",0.01,1),"✓ On target",IF(F12*1>=VALUE(SUBSTITUTE(D12,"%",""))*IF(RIGHT(D12,1)="%",0.01,1),"○ Q1 pace","✗ Behind")))
A13: 7 | B13: Suspect HCCs surfaced | C13: 0 | D13: 5 | E13: 25 | F13: =IFERROR(INDEX('Monthly Data'!I:I,MATCH($H$4,'Monthly Data'!$A:$A,0)),"") | G13: =IF(F13="","—",IF(F13*1>=VALUE(SUBSTITUTE(E13,"%",""))*IF(RIGHT(E13,1)="%",0.01,1),"✓ On target",IF(F13*1>=VALUE(SUBSTITUTE(D13,"%",""))*IF(RIGHT(D13,1)="%",0.01,1),"○ Q1 pace","✗ Behind")))
A14: 8 | B14: HEDIS / CPT II gaps closed | C14: 0 | D14: 5 | E14: 30 | F14: =IFERROR(INDEX('Monthly Data'!J:J,MATCH($H$4,'Monthly Data'!$A:$A,0)),"") | G14: =IF(F14="","—",IF(F14*1>=VALUE(SUBSTITUTE(E14,"%",""))*IF(RIGHT(E14,1)="%",0.01,1),"✓ On target",IF(F14*1>=VALUE(SUBSTITUTE(D14,"%",""))*IF(RIGHT(D14,1)="%",0.01,1),"○ Q1 pace","✗ Behind")))
A15: 9 | B15: Provider education tips delivered | C15: 0 | D15: 3 | E15: 12 | F15: =IFERROR(INDEX('Monthly Data'!K:K,MATCH($H$4,'Monthly Data'!$A:$A,0)),"") | G15: =IF(F15="","—",IF(F15*1>=VALUE(SUBSTITUTE(E15,"%",""))*IF(RIGHT(E15,1)="%",0.01,1),"✓ On target",IF(F15*1>=VALUE(SUBSTITUTE(D15,"%",""))*IF(RIGHT(D15,1)="%",0.01,1),"○ Q1 pace","✗ Behind")))
A16: 10 | B16: Corrective plans opened | C16: 0 | D16: 0 | E16: 1 | F16: =IFERROR(INDEX('Monthly Data'!L:L,MATCH($H$4,'Monthly Data'!$A:$A,0)),"") | G16: =IF(F16="","—",IF(F16*1>=VALUE(SUBSTITUTE(E16,"%",""))*IF(RIGHT(E16,1)="%",0.01,1),"✓ On target",IF(F16*1>=VALUE(SUBSTITUTE(D16,"%",""))*IF(RIGHT(D16,1)="%",0.01,1),"○ Q1 pace","✗ Behind")))
A19: ="Summary: "&COUNTIF(G7:G16,"✓ On target")&" on target · "&COUNTIF(G7:G16,"○ Q1 pace")&" at Q1 pace · "&COUNTIF(G7:G16,"✗ Behind")&" behind"

Sheet Monthly Data
A1: Monthly Data — one row per month, enter values in yellow
A2: Fill this in at month-end. The Dashboard tab pulls values automatically. Add new rows as new months roll in.
A4: Month | C4: Providers on rotation | D4: Charts audited | E4: Audit completion % | F4: Avg compliance % | G4: Meets+ providers | H4: HCCs recaptured | I4: Suspect HCCs | J4: HEDIS gaps closed | K4: Education tips | L4: Corrective plans
A5: 2026-01
A6: 2026-02
A7: 2026-03
A8: 2026-04
A9: 2026-05
A10: 2026-06
A11: 2026-07
A12: 2026-08
A13: 2026-09
A14: 2026-10
A15: 2026-11
A16: 2026-12
... A28: 2027-12

Sheet Trends
A1: Trends — 24-month KPI charts
